what,kind,bundleId,bundleVersion,description,time
started,bundle,org.eclipse.jst.j2ee.core,1.2.101.v201108110300,"org.eclipse.jst.j2ee.core",1322051509229
started,bundle,org.eclipse.jem,2.0.500.v201104271400,"org.eclipse.jem",1322051509243
started,bundle,org.eclipse.wst.common.frameworks.ui,1.2.100.v201105122000,"org.eclipse.wst.common.frameworks.ui",1322051509259
started,bundle,org.eclipse.wst.xml.core,1.1.601.v201108302147,"org.eclipse.wst.xml.core",1322051509266
started,bundle,org.eclipse.wst.validation,1.2.302.v201107140600,"org.eclipse.wst.validation",1322051509276
started,bundle,org.eclipse.jst.j2ee,1.1.501.v201108231845,"org.eclipse.jst.j2ee",1322051509289
started,bundle,org.eclipse.jst.jee.ui,1.0.400.v201105122000,"org.eclipse.jst.jee.ui",1322051509291
started,bundle,org.eclipse.jst.j2ee.navigator.ui,1.1.501.v201107261503,"org.eclipse.jst.j2ee.navigator.ui",1322051509303
started,bundle,org.eclipse.jdt.apt.core,3.3.500.v20110420-1015,"org.eclipse.jdt.apt.core",1322051510083
started,bundle,org.eclipse.jdt.apt.pluggable.core,1.0.400.v20110305-1450,"org.eclipse.jdt.apt.pluggable.core",1322051510092
activated,workbench,org.eclipse.ui.workbench,3.7.0.I20110519-0100,"",1322051513935
started,bundle,org.eclipse.pde.launching,3.6.0.v20110506,"org.eclipse.pde.launching",1322051514116
started,bundle,org.eclipse.ui.views.log,1.0.200.v20110404,"org.eclipse.ui.views.log",1322051514123
started,bundle,org.eclipse.pde.ui,3.6.100.v20110603,"org.eclipse.pde.ui",1322051514123
opened,view,org.eclipse.jdt.ui,3.7.1.r371_v20110824-0800,"org.eclipse.jdt.ui.PackageExplorer",1322051514184
opened,view,org.eclipse.ui.ide,3.7.0.v20110809-1737,"org.eclipse.ui.views.ProblemView",1322051514248
opened,view,org.eclipse.mylyn.tasks.ui,3.6.2.v20110826-0100,"org.eclipse.mylyn.tasks.ui.views.tasks",1322051514457
activated,perspective,org.eclipse.jdt.ui,3.7.1.r371_v20110824-0800,"org.eclipse.jdt.ui.JavaPerspective",1322051514479
activated,view,org.eclipse.ui.views,3.6.0.I20110412-0800,"org.eclipse.ui.views.ContentOutline",1322051514483
activated,view,org.eclipse.jdt.ui,3.7.1.r371_v20110824-0800,"org.eclipse.jdt.ui.PackageExplorer",1322051516129
started,bundle,org.eclipse.ltk.core.refactoring,3.5.201.r371_v20110824-0800,"org.eclipse.ltk.core.refactoring",1322051516997
started,bundle,org.eclipse.ltk.ui.refactoring,3.6.0.v20110505-0800,"org.eclipse.ltk.ui.refactoring",1322051516999
started,bundle,org.eclipse.compare.core,3.5.200.I20110208-0800,"org.eclipse.compare.core",1322051517256
started,bundle,org.eclipse.compare,3.5.201.R37x_v20110817-0800,"org.eclipse.compare",1322051517259
deactivated,workbench,org.eclipse.ui.workbench,3.7.0.I20110519-0100,"",1322051520010
activated,workbench,org.eclipse.ui.workbench,3.7.0.I20110519-0100,"",1322051533823
deactivated,workbench,org.eclipse.ui.workbench,3.7.0.I20110519-0100,"",1322051537491
started,bundle,org.eclipse.mylyn.ide.ui,3.6.0.v20110608-1400,"org.eclipse.mylyn.ide.ui",1322051545871
activated,workbench,org.eclipse.ui.workbench,3.7.0.I20110519-0100,"",1322051546728
opened,editor,org.eclipse.jdt.ui,3.7.1.r371_v20110824-0800,"org.eclipse.jdt.ui.CompilationUnitEditor",1322051547569
activated,editor,org.eclipse.jdt.ui,3.7.1.r371_v20110824-0800,"org.eclipse.jdt.ui.CompilationUnitEditor",1322051547713
started,bundle,org.eclipse.core.variables,3.2.500.v20110511,"org.eclipse.core.variables",1322051548208
activated,view,org.eclipse.jdt.ui,3.7.1.r371_v20110824-0800,"org.eclipse.jdt.ui.PackageExplorer",1322051550266
deactivated,workbench,org.eclipse.ui.workbench,3.7.0.I20110519-0100,"",1322051553798
started,bundle,org.eclipse.jdt.junit,3.7.0.v20110505-0800,"org.eclipse.jdt.junit",1322051559898
started,bundle,org.eclipse.jdt.junit.core,3.7.0.v20110518-0800,"org.eclipse.jdt.junit.core",1322051559983
started,bundle,org.eclipse.equinox.simpleconfigurator.manipulator,2.0.0.v20110502-1955,"org.eclipse.equinox.simpleconfigurator.manipulator",1322051581190
started,bundle,org.eclipse.equinox.frameworkadmin,2.0.0.v20110502-1955,"org.eclipse.equinox.frameworkadmin",1322051581198
activated,workbench,org.eclipse.ui.workbench,3.7.0.I20110519-0100,"",1322051581642
executed,command,org.eclipse.ui,3.7.0.I20110602-0100,"org.eclipse.ui.newWizard",1322051581677
opened,editor,org.eclipse.jdt.ui,3.7.1.r371_v20110824-0800,"org.eclipse.jdt.ui.CompilationUnitEditor",1322051581832
activated,editor,org.eclipse.jdt.ui,3.7.1.r371_v20110824-0800,"org.eclipse.jdt.ui.CompilationUnitEditor",1322051581932
activated,view,org.eclipse.jdt.ui,3.7.1.r371_v20110824-0800,"org.eclipse.jdt.ui.PackageExplorer",1322051592302
activated,editor,org.eclipse.jdt.ui,3.7.1.r371_v20110824-0800,"org.eclipse.jdt.ui.CompilationUnitEditor",1322051592549
executed,command,org.eclipse.ui,3.7.0.I20110602-0100,"org.eclipse.ui.file.save",1322051608114
executed,command,org.eclipse.jdt.ui,3.7.1.r371_v20110824-0800,"org.eclipse.jdt.ui.edit.text.java.format",1322051609050
executed,command,org.eclipse.ui,3.7.0.I20110602-0100,"org.eclipse.ui.file.save",1322051610265
activated,view,org.eclipse.jdt.ui,3.7.1.r371_v20110824-0800,"org.eclipse.jdt.ui.PackageExplorer",1322051611762
activated,editor,org.eclipse.jdt.ui,3.7.1.r371_v20110824-0800,"org.eclipse.jdt.ui.CompilationUnitEditor",1322051612034
deactivated,workbench,org.eclipse.ui.workbench,3.7.0.I20110519-0100,"",1322051623330
activated,workbench,org.eclipse.ui.workbench,3.7.0.I20110519-0100,"",1322064848405
activated,view,org.eclipse.jdt.ui,3.7.1.r371_v20110824-0800,"org.eclipse.jdt.ui.PackageExplorer",1322064849479
deactivated,workbench,org.eclipse.ui.workbench,3.7.0.I20110519-0100,"",1322064852045
started,bundle,org.eclipse.jst.ws.jaxws.dom.integration,1.0.100.v201101252155,"org.eclipse.jst.ws.jaxws.dom.integration",1322064875832
started,bundle,org.eclipse.jst.ws.jaxws.dom.ui,1.0.0.v201004171919,"org.eclipse.jst.ws.jaxws.dom.ui",1322064875856
started,bundle,org.eclipse.mylyn.resources.ui,3.6.0.v20110608-1400,"org.eclipse.mylyn.resources.ui",1322064875869
activated,workbench,org.eclipse.ui.workbench,3.7.0.I20110519-0100,"",1322064875895
executed,command,org.eclipse.ui,3.7.0.I20110602-0100,"org.eclipse.ui.file.import",1322064875908
executed,command,org.eclipse.ui,3.7.0.I20110602-0100,"org.eclipse.ui.file.import",1322064875908
started,bundle,org.eclipse.jpt.common.core,1.0.1.v201108080010,"org.eclipse.jpt.common.core",1322064876315
started,bundle,org.eclipse.jpt.jpa.core,3.0.1.v201109073010,"org.eclipse.jpt.jpa.core",1322064876315
started,bundle,org.eclipse.wst.sse.core,1.1.601.v201108151912,"org.eclipse.wst.sse.core",1322064876395
no handler,command,org.eclipse.datatools.sqltools.result.ui,,"org.eclipse.datatools.sqltools.result.removeAllInstances",1322064918627
activated,editor,org.eclipse.jdt.ui,3.7.1.r371_v20110824-0800,"org.eclipse.jdt.ui.CompilationUnitEditor",1322064919439
activated,editor,org.eclipse.jdt.ui,3.7.1.r371_v20110824-0800,"org.eclipse.jdt.ui.CompilationUnitEditor",1322064919498
deactivated,workbench,org.eclipse.ui.workbench,3.7.0.I20110519-0100,"",1322064921931
activated,workbench,org.eclipse.ui.workbench,3.7.0.I20110519-0100,"",1322064923983
activated,editor,org.eclipse.jdt.ui,3.7.1.r371_v20110824-0800,"org.eclipse.jdt.ui.CompilationUnitEditor",1322064924052
closed,editor,org.eclipse.jdt.ui,3.7.1.r371_v20110824-0800,"org.eclipse.jdt.ui.CompilationUnitEditor",1322064924053
activated,view,org.eclipse.jdt.ui,3.7.1.r371_v20110824-0800,"org.eclipse.jdt.ui.PackageExplorer",1322064925527
closed,editor,org.eclipse.jdt.ui,3.7.1.r371_v20110824-0800,"org.eclipse.jdt.ui.CompilationUnitEditor",1322064925527
deactivated,workbench,org.eclipse.ui.workbench,3.7.0.I20110519-0100,"",1322064928980
started,bundle,org.eclipse.wst.jsdt.manipulation,1.0.300.v201104272153,"org.eclipse.wst.jsdt.manipulation",1322064930531
started,bundle,org.eclipse.wst.jsdt.core,1.1.101.v201108151912,"org.eclipse.wst.jsdt.core",1322064930625
started,bundle,org.eclipse.wst.jsdt.ui,1.1.101.v201108151912,"org.eclipse.wst.jsdt.ui",1322064930762
activated,workbench,org.eclipse.ui.workbench,3.7.0.I20110519-0100,"",1322064930884
executed,command,org.eclipse.ui,3.7.0.I20110602-0100,"org.eclipse.ui.edit.delete",1322064930895
deactivated,workbench,org.eclipse.ui.workbench,3.7.0.I20110519-0100,"",1322064943164
activated,workbench,org.eclipse.ui.workbench,3.7.0.I20110519-0100,"",1322065058407
started,bundle,org.eclipse.wst.ws.service.policy.ui,1.0.300.v201108240515,"org.eclipse.wst.ws.service.policy.ui",1322065060456
started,bundle,org.eclipse.wst.ws.service.policy,1.0.303.v201009221810,"org.eclipse.wst.ws.service.policy",1322065060464
started,bundle,org.eclipse.wst.command.env,1.0.409.v201004211805,"org.eclipse.wst.command.env",1322065060517
started,bundle,org.eclipse.wst.ws,1.1.203.v201004211805,"org.eclipse.wst.ws",1322065060518
deactivated,workbench,org.eclipse.ui.workbench,3.7.0.I20110519-0100,"",1322065063071
started,bundle,org.eclipse.wst.server.core,1.1.303.v20110816_1717,"org.eclipse.wst.server.core",1322065065313
started,bundle,org.eclipse.wst.server.ui,1.1.306.v20110823_1704,"org.eclipse.wst.server.ui",1322065065332
activated,workbench,org.eclipse.ui.workbench,3.7.0.I20110519-0100,"",1322065065647
executed,command,org.eclipse.ltk.ui.refactoring,3.6.0.v20110505-0800,"org.eclipse.ltk.ui.refactoring.commands.deleteResources",1322065065653
executed,command,org.eclipse.ui,3.7.0.I20110602-0100,"org.eclipse.ui.edit.delete",1322065065653
deactivated,workbench,org.eclipse.ui.workbench,3.7.0.I20110519-0100,"",1322065068761
activated,workbench,org.eclipse.ui.workbench,3.7.0.I20110519-0100,"",1322065075773
deactivated,workbench,org.eclipse.ui.workbench,3.7.0.I20110519-0100,"",1322065081772
activated,workbench,org.eclipse.ui.workbench,3.7.0.I20110519-0100,"",1322065123226
executed,command,org.eclipse.ui,3.7.0.I20110602-0100,"org.eclipse.ui.file.import",1322065123243
executed,command,org.eclipse.ui,3.7.0.I20110602-0100,"org.eclipse.ui.file.import",1322065123243
deactivated,workbench,org.eclipse.ui.workbench,3.7.0.I20110519-0100,"",1322065125053
started,bundle,org.eclipse.jdt.debug,3.7.1.v20110802_r371,"org.eclipse.jdt.debug",1322065136362
started,bundle,org.eclipse.debug.ui,3.7.101.v20110817_r371,"org.eclipse.debug.ui",1322065136383
started,bundle,org.eclipse.jdt.debug.ui,3.6.1.v20110803_r371,"org.eclipse.jdt.debug.ui",1322065136440
started,bundle,org.eclipse.ant.ui,3.5.100.v20110510,"org.eclipse.ant.ui",1322065136485
started,bundle,org.eclipse.pde.core,3.7.1.v20110822-2108,"org.eclipse.pde.core",1322065136521
started,bundle,org.eclipse.wst.jsdt.debug.rhino.ui,1.0.0.v201103232243,"org.eclipse.wst.jsdt.debug.rhino.ui",1322065136526
activated,workbench,org.eclipse.ui.workbench,3.7.0.I20110519-0100,"",1322065136668
executed,command,org.eclipse.ui,3.7.0.I20110602-0100,"org.eclipse.ui.edit.rename",1322065136676
deactivated,workbench,org.eclipse.ui.workbench,3.7.0.I20110519-0100,"",1322065139139
activated,workbench,org.eclipse.ui.workbench,3.7.0.I20110519-0100,"",1322065142867
executed,command,org.eclipse.ui,3.7.0.I20110602-0100,"org.eclipse.ui.edit.rename",1322065142876
deactivated,workbench,org.eclipse.ui.workbench,3.7.0.I20110519-0100,"",1322065146367
activated,workbench,org.eclipse.ui.workbench,3.7.0.I20110519-0100,"",1322065154823
executed,command,org.eclipse.ui,3.7.0.I20110602-0100,"org.eclipse.ui.file.import",1322065154836
executed,command,org.eclipse.ui,3.7.0.I20110602-0100,"org.eclipse.ui.file.import",1322065154836
no handler,command,org.eclipse.datatools.sqltools.result.ui,,"org.eclipse.datatools.sqltools.result.removeAllInstances",1322065162458
opened,editor,org.eclipse.jdt.ui,3.7.1.r371_v20110824-0800,"org.eclipse.jdt.ui.CompilationUnitEditor",1322065171618
activated,editor,org.eclipse.jdt.ui,3.7.1.r371_v20110824-0800,"org.eclipse.jdt.ui.CompilationUnitEditor",1322065171719
activated,view,org.eclipse.jdt.ui,3.7.1.r371_v20110824-0800,"org.eclipse.jdt.ui.PackageExplorer",1322065181003
started,bundle,org.eclipse.wst.xml.ui,1.1.201.v201108151912,"org.eclipse.wst.xml.ui",1322065197469
started,bundle,org.eclipse.wst.sse.ui,1.3.1.v201108191312,"org.eclipse.wst.sse.ui",1322065197494
started,bundle,org.eclipse.wst.common.uriresolver,1.1.401.v201004280700,"org.eclipse.wst.common.uriresolver",1322065197657
started,bundle,org.eclipse.wst.dtd.ui,1.0.600.v201103171359,"org.eclipse.wst.dtd.ui",1322065197851
started,bundle,org.eclipse.wst.xsl.ui,1.1.200.v201103082057,"org.eclipse.wst.xsl.ui",1322065197918
opened,editor,org.eclipse.wst.xml.ui,1.1.201.v201108151912,"org.eclipse.wst.xml.ui.internal.tabletree.XMLMultiPageEditorPart",1322065197947
activated,editor,org.eclipse.wst.xml.ui,1.1.201.v201108151912,"org.eclipse.wst.xml.ui.internal.tabletree.XMLMultiPageEditorPart",1322065198062
started,bundle,org.eclipse.jem.workbench,2.0.400.v201104251400,"org.eclipse.jem.workbench",1322065199431
started,bundle,org.eclipse.wst.xsl.core,1.1.100.v201102270516,"org.eclipse.wst.xsl.core",1322065199528
started,bundle,org.eclipse.wst.xsl.exslt.core,1.0.0.v201005240426,"org.eclipse.wst.xsl.exslt.core",1322065199533
started,bundle,org.eclipse.wst.internet.cache,1.0.400.v201004280700,"org.eclipse.wst.internet.cache",1322065199719
activated,editor,org.eclipse.jdt.ui,3.7.1.r371_v20110824-0800,"org.eclipse.jdt.ui.CompilationUnitEditor",1322065202879
closed,editor,org.eclipse.wst.xml.ui,1.1.201.v201108151912,"org.eclipse.wst.xml.ui.internal.tabletree.XMLMultiPageEditorPart",1322065202879
activated,view,org.eclipse.jdt.ui,3.7.1.r371_v20110824-0800,"org.eclipse.jdt.ui.PackageExplorer",1322065204049
deactivated,workbench,org.eclipse.ui.workbench,3.7.0.I20110519-0100,"",1322065204262
activated,workbench,org.eclipse.ui.workbench,3.7.0.I20110519-0100,"",1322065272070
opened,view,org.eclipse.ui.ide,3.7.0.v20110809-1737,"org.eclipse.ui.views.TaskList",1322065278451
activated,view,org.eclipse.ui.ide,3.7.0.v20110809-1737,"org.eclipse.ui.views.TaskList",1322065278493
executed,command,org.eclipse.ui,3.7.0.I20110602-0100,"org.eclipse.ui.views.showView",1322065278493
deactivated,workbench,org.eclipse.ui.workbench,3.7.0.I20110519-0100,"",1322065284835
activated,workbench,org.eclipse.ui.workbench,3.7.0.I20110519-0100,"",1322065297996
started,bundle,org.eclipse.wst.xsl.debug.ui,1.0.200.v201101281837,"org.eclipse.wst.xsl.debug.ui",1322065299427
activated,view,org.eclipse.jdt.ui,3.7.1.r371_v20110824-0800,"org.eclipse.jdt.ui.PackageExplorer",1322065300993
deactivated,workbench,org.eclipse.ui.workbench,3.7.0.I20110519-0100,"",1322065302285
activated,workbench,org.eclipse.ui.workbench,3.7.0.I20110519-0100,"",1322065304076
deactivated,workbench,org.eclipse.ui.workbench,3.7.0.I20110519-0100,"",1322065304934
activated,workbench,org.eclipse.ui.workbench,3.7.0.I20110519-0100,"",1322065305176
deactivated,workbench,org.eclipse.ui.workbench,3.7.0.I20110519-0100,"",1322065305237
activated,workbench,org.eclipse.ui.workbench,3.7.0.I20110519-0100,"",1322065313105
deactivated,workbench,org.eclipse.ui.workbench,3.7.0.I20110519-0100,"",1322065313658
activated,workbench,org.eclipse.ui.workbench,3.7.0.I20110519-0100,"",1322065316374
deactivated,workbench,org.eclipse.ui.workbench,3.7.0.I20110519-0100,"",1322065317981
activated,workbench,org.eclipse.ui.workbench,3.7.0.I20110519-0100,"",1322065319504
deactivated,workbench,org.eclipse.ui.workbench,3.7.0.I20110519-0100,"",1322065319623
activated,workbench,org.eclipse.ui.workbench,3.7.0.I20110519-0100,"",1322065323512
opened,view,org.eclipse.jdt.junit,3.7.0.v20110505-0800,"org.eclipse.jdt.junit.ResultView",1322065327154
activated,view,org.eclipse.jdt.junit,3.7.0.v20110505-0800,"org.eclipse.jdt.junit.ResultView",1322065330742
opened,editor,org.eclipse.jdt.ui,3.7.1.r371_v20110824-0800,"org.eclipse.jdt.ui.CompilationUnitEditor",1322065337422
activated,editor,org.eclipse.jdt.ui,3.7.1.r371_v20110824-0800,"org.eclipse.jdt.ui.CompilationUnitEditor",1322065337514
deactivated,workbench,org.eclipse.ui.workbench,3.7.0.I20110519-0100,"",1322065346577
activated,workbench,org.eclipse.ui.workbench,3.7.0.I20110519-0100,"",1322065371025
deactivated,workbench,org.eclipse.ui.workbench,3.7.0.I20110519-0100,"",1322065374445
activated,workbench,org.eclipse.ui.workbench,3.7.0.I20110519-0100,"",1322065377925
deactivated,workbench,org.eclipse.ui.workbench,3.7.0.I20110519-0100,"",1322065383557
activated,workbench,org.eclipse.ui.workbench,3.7.0.I20110519-0100,"",1322065386255
deactivated,workbench,org.eclipse.ui.workbench,3.7.0.I20110519-0100,"",1322065387651
activated,workbench,org.eclipse.ui.workbench,3.7.0.I20110519-0100,"",1322065388699
activated,view,org.eclipse.jdt.junit,3.7.0.v20110505-0800,"org.eclipse.jdt.junit.ResultView",1322065392380
activated,editor,org.eclipse.jdt.ui,3.7.1.r371_v20110824-0800,"org.eclipse.jdt.ui.CompilationUnitEditor",1322065392620
activated,view,org.eclipse.jdt.junit,3.7.0.v20110505-0800,"org.eclipse.jdt.junit.ResultView",1322065397443
activated,editor,org.eclipse.jdt.ui,3.7.1.r371_v20110824-0800,"org.eclipse.jdt.ui.CompilationUnitEditor",1322065398194
activated,view,org.eclipse.jdt.junit,3.7.0.v20110505-0800,"org.eclipse.jdt.junit.ResultView",1322065401329
activated,editor,org.eclipse.jdt.ui,3.7.1.r371_v20110824-0800,"org.eclipse.jdt.ui.CompilationUnitEditor",1322065401570
activated,view,org.eclipse.jdt.junit,3.7.0.v20110505-0800,"org.eclipse.jdt.junit.ResultView",1322065418897
activated,editor,org.eclipse.jdt.ui,3.7.1.r371_v20110824-0800,"org.eclipse.jdt.ui.CompilationUnitEditor",1322065419133
started,bundle,org.eclipse.mylyn.java.tasks,3.6.0.v20110608-1400,"org.eclipse.mylyn.java.tasks",1322065428073
opened,editor,org.eclipse.jdt.ui,3.7.1.r371_v20110824-0800,"org.eclipse.jdt.ui.CompilationUnitEditor",1322065428589
activated,editor,org.eclipse.jdt.ui,3.7.1.r371_v20110824-0800,"org.eclipse.jdt.ui.CompilationUnitEditor",1322065428667
activated,editor,org.eclipse.jdt.ui,3.7.1.r371_v20110824-0800,"org.eclipse.jdt.ui.CompilationUnitEditor",1322065455726
activated,editor,org.eclipse.jdt.ui,3.7.1.r371_v20110824-0800,"org.eclipse.jdt.ui.CompilationUnitEditor",1322065458896
deactivated,workbench,org.eclipse.ui.workbench,3.7.0.I20110519-0100,"",1322065471989
activated,workbench,org.eclipse.ui.workbench,3.7.0.I20110519-0100,"",1322065602683
executed,command,org.eclipse.ui,3.7.0.I20110602-0100,"org.eclipse.ui.edit.paste",1322065604237
executed,command,org.eclipse.jdt.ui,3.7.1.r371_v20110824-0800,"org.eclipse.jdt.ui.edit.text.java.organize.imports",1322065607450
started,bundle,org.eclipse.jpt.jaxb.ui,1.1.1.v201108080010,"org.eclipse.jpt.jaxb.ui",1322065613478
started,bundle,org.eclipse.jpt.jpa.ui,3.0.1.v201108080010,"org.eclipse.jpt.jpa.ui",1322065613485
started,bundle,org.eclipse.jst.ws.jaxws.ui,1.0.100.v201104032053,"org.eclipse.jst.ws.jaxws.ui",1322065613504
started,bundle,org.eclipse.mylyn.java.ui,3.6.0.v20110608-1400,"org.eclipse.mylyn.java.ui",1322065613509
started,bundle,org.eclipse.pde.api.tools,1.0.301.v20110728_r371,"org.eclipse.pde.api.tools",1322065613554
started,bundle,org.eclipse.pde.api.tools.ui,1.0.301.v20110803_r371,"org.eclipse.pde.api.tools.ui",1322065613556
started,bundle,org.eclipse.jpt.jaxb.core,1.0.1.v201108080010,"org.eclipse.jpt.jaxb.core",1322065613664
executed,command,org.eclipse.ui,3.7.0.I20110602-0100,"org.eclipse.ui.edit.text.contentAssist.proposals",1322065613716
executed,command,org.eclipse.ui,3.7.0.I20110602-0100,"org.eclipse.ui.edit.text.contentAssist.proposals",1322065617066
executed,command,org.eclipse.ui,3.7.0.I20110602-0100,"org.eclipse.ui.edit.text.contentAssist.proposals",1322065619452
executed,command,org.eclipse.ui,3.7.0.I20110602-0100,"org.eclipse.ui.edit.text.contentAssist.proposals",1322065622499
deactivated,workbench,org.eclipse.ui.workbench,3.7.0.I20110519-0100,"",1322065624176
activated,workbench,org.eclipse.ui.workbench,3.7.0.I20110519-0100,"",1322065642277
opened,editor,org.eclipse.jdt.ui,3.7.1.r371_v20110824-0800,"org.eclipse.jdt.ui.CompilationUnitEditor",1322065652273
activated,editor,org.eclipse.jdt.ui,3.7.1.r371_v20110824-0800,"org.eclipse.jdt.ui.CompilationUnitEditor",1322065652346
activated,editor,org.eclipse.jdt.ui,3.7.1.r371_v20110824-0800,"org.eclipse.jdt.ui.CompilationUnitEditor",1322065656533
executed,command,org.eclipse.ui.workbench.texteditor,3.7.0.v20110505-0800,"org.eclipse.ui.edit.text.delete.line",1322065658468
activated,editor,org.eclipse.jdt.ui,3.7.1.r371_v20110824-0800,"org.eclipse.jdt.ui.CompilationUnitEditor",1322065671032
activated,editor,org.eclipse.jdt.ui,3.7.1.r371_v20110824-0800,"org.eclipse.jdt.ui.CompilationUnitEditor",1322065672198
activated,editor,org.eclipse.jdt.ui,3.7.1.r371_v20110824-0800,"org.eclipse.jdt.ui.CompilationUnitEditor",1322065675593
activated,view,org.eclipse.jdt.ui,3.7.1.r371_v20110824-0800,"org.eclipse.jdt.ui.PackageExplorer",1322065678959
activated,editor,org.eclipse.jdt.ui,3.7.1.r371_v20110824-0800,"org.eclipse.jdt.ui.CompilationUnitEditor",1322065688242
deactivated,workbench,org.eclipse.ui.workbench,3.7.0.I20110519-0100,"",1322065707153
activated,workbench,org.eclipse.ui.workbench,3.7.0.I20110519-0100,"",1322065734733
opened,editor,org.eclipse.jdt.ui,3.7.1.r371_v20110824-0800,"org.eclipse.jdt.ui.ClassFileEditor",1322065750561
activated,editor,org.eclipse.jdt.ui,3.7.1.r371_v20110824-0800,"org.eclipse.jdt.ui.ClassFileEditor",1322065750650
activated,editor,org.eclipse.jdt.ui,3.7.1.r371_v20110824-0800,"org.eclipse.jdt.ui.CompilationUnitEditor",1322065752992
closed,editor,org.eclipse.jdt.ui,3.7.1.r371_v20110824-0800,"org.eclipse.jdt.ui.ClassFileEditor",1322065752993
deactivated,workbench,org.eclipse.ui.workbench,3.7.0.I20110519-0100,"",1322065787745
activated,workbench,org.eclipse.ui.workbench,3.7.0.I20110519-0100,"",1322065787786
deactivated,workbench,org.eclipse.ui.workbench,3.7.0.I20110519-0100,"",1322065790557
activated,workbench,org.eclipse.ui.workbench,3.7.0.I20110519-0100,"",1322065795312
deactivated,workbench,org.eclipse.ui.workbench,3.7.0.I20110519-0100,"",1322065798218
activated,workbench,org.eclipse.ui.workbench,3.7.0.I20110519-0100,"",1322065805513
activated,editor,org.eclipse.jdt.ui,3.7.1.r371_v20110824-0800,"org.eclipse.jdt.ui.CompilationUnitEditor",1322065818294
executed,command,org.eclipse.ui,3.7.0.I20110602-0100,"org.eclipse.ui.edit.text.contentAssist.proposals",1322065826528
executed,command,org.eclipse.ui,3.7.0.I20110602-0100,"org.eclipse.ui.edit.text.contentAssist.proposals",1322065830898
executed,command,org.eclipse.ui,3.7.0.I20110602-0100,"org.eclipse.ui.edit.text.contentAssist.proposals",1322065837273
executed,command,org.eclipse.ui.workbench.texteditor,3.7.0.v20110505-0800,"org.eclipse.ui.edit.text.select.wordNext",1322065849222
executed,command,org.eclipse.ui.workbench.texteditor,3.7.0.v20110505-0800,"org.eclipse.ui.edit.text.select.wordNext",1322065849591
executed,command,org.eclipse.ui,3.7.0.I20110602-0100,"org.eclipse.ui.edit.text.contentAssist.proposals",1322065852692
executed,command,org.eclipse.ui.workbench.texteditor,3.7.0.v20110505-0800,"org.eclipse.ui.edit.text.goto.wordNext",1322065882484
executed,command,org.eclipse.ui.workbench.texteditor,3.7.0.v20110505-0800,"org.eclipse.ui.edit.text.goto.wordNext",1322065882725
executed,command,org.eclipse.ui.workbench.texteditor,3.7.0.v20110505-0800,"org.eclipse.ui.edit.text.goto.wordNext",1322065882957
executed,command,org.eclipse.ui.workbench.texteditor,3.7.0.v20110505-0800,"org.eclipse.ui.edit.text.goto.wordNext",1322065883210
executed,command,org.eclipse.ui.workbench.texteditor,3.7.0.v20110505-0800,"org.eclipse.ui.edit.text.goto.wordNext",1322065883479
executed,command,org.eclipse.ui.workbench.texteditor,3.7.0.v20110505-0800,"org.eclipse.ui.edit.text.goto.wordNext",1322065883823
executed,command,org.eclipse.ui.workbench.texteditor,3.7.0.v20110505-0800,"org.eclipse.ui.edit.text.goto.wordNext",1322065884137
executed,command,org.eclipse.ui,3.7.0.I20110602-0100,"org.eclipse.ui.file.save",1322065906822
activated,editor,org.eclipse.jdt.ui,3.7.1.r371_v20110824-0800,"org.eclipse.jdt.ui.CompilationUnitEditor",1322065921854
activated,editor,org.eclipse.jdt.ui,3.7.1.r371_v20110824-0800,"org.eclipse.jdt.ui.CompilationUnitEditor",1322065926513
executed,command,org.eclipse.ui.workbench.texteditor,3.7.0.v20110505-0800,"org.eclipse.ui.edit.text.goto.wordNext",1322065946656
executed,command,org.eclipse.ui.workbench.texteditor,3.7.0.v20110505-0800,"org.eclipse.ui.edit.text.goto.wordNext",1322065946863
executed,command,org.eclipse.ui.workbench.texteditor,3.7.0.v20110505-0800,"org.eclipse.ui.edit.text.goto.wordNext",1322065947096
executed,command,org.eclipse.ui.workbench.texteditor,3.7.0.v20110505-0800,"org.eclipse.ui.edit.text.goto.wordNext",1322065947314
deactivated,workbench,org.eclipse.ui.workbench,3.7.0.I20110519-0100,"",1322065951957
activated,workbench,org.eclipse.ui.workbench,3.7.0.I20110519-0100,"",1322065955700
executed,command,org.eclipse.jdt.ui,3.7.1.r371_v20110824-0800,"org.eclipse.jdt.ui.edit.text.java.organize.imports",1322065955723
activated,editor,org.eclipse.jdt.ui,3.7.1.r371_v20110824-0800,"org.eclipse.jdt.ui.CompilationUnitEditor",1322065963120
executed,command,,,"AUTOGEN:::org.eclipse.jdt.debug.CompilationUnitEditor.BreakpointRulerActions/org.eclipse.jdt.debug.ui.actions.ManageBreakpointRulerAction",1322065967652
activated,editor,org.eclipse.jdt.ui,3.7.1.r371_v20110824-0800,"org.eclipse.jdt.ui.CompilationUnitEditor",1322065970742
deactivated,workbench,org.eclipse.ui.workbench,3.7.0.I20110519-0100,"",1322065974738
activated,workbench,org.eclipse.ui.workbench,3.7.0.I20110519-0100,"",1322065974935
executed,command,org.eclipse.ui,3.7.0.I20110602-0100,"org.eclipse.ui.edit.undo",1322065979567
executed,command,org.eclipse.ui,3.7.0.I20110602-0100,"org.eclipse.ui.edit.text.contentAssist.proposals",1322065983474
executed,command,org.eclipse.ui,3.7.0.I20110602-0100,"org.eclipse.ui.edit.text.contentAssist.proposals",1322066005246
deactivated,workbench,org.eclipse.ui.workbench,3.7.0.I20110519-0100,"",1322066018032
activated,workbench,org.eclipse.ui.workbench,3.7.0.I20110519-0100,"",1322066018184
executed,command,org.eclipse.ui,3.7.0.I20110602-0100,"org.eclipse.ui.edit.copy",1322066024594
executed,command,org.eclipse.ui,3.7.0.I20110602-0100,"org.eclipse.ui.edit.paste",1322066028249
executed,command,org.eclipse.ui,3.7.0.I20110602-0100,"org.eclipse.ui.edit.paste",1322066033856
